code,prefix,state_code,state_name,location,district,region_zone
MH-46,MH46,MH,Maharashtra,Panvel,Raigad,Navi Mumbai / Raigad
MH-08,MH08,MH,Maharashtra,Ratnagiri,Ratnagiri,Konkan
MH-01,MH01,MH,Maharashtra,Mumbai South (Tardeo),Mumbai City,Mumbai
MH-02,MH02,MH,Maharashtra,Mumbai West (Andheri),Mumbai Suburban,Mumbai
MH-03,MH03,MH,Maharashtra,Mumbai East (Wadala),Mumbai Suburban,Mumbai
MH-04,MH04,MH,Maharashtra,Thane,Thane,Konkan
MH-05,MH05,MH,Maharashtra,Kalyan,Thane,Konkan
MH-06,MH06,MH,Maharashtra,Pen,Raigad,Konkan
MH-07,MH07,MH,Maharashtra,Sindhudurg,Sindhudurg,Konkan
MH-09,MH09,MH,Maharashtra,Kolhapur,Kolhapur,Western Maharashtra
MH-10,MH10,MH,Maharashtra,Sangli,Sangli,Western Maharashtra
MH-11,MH11,MH,Maharashtra,Satara,Satara,Western Maharashtra
MH-12,MH12,MH,Maharashtra,Pune,Pune,Western Maharashtra
MH-13,MH13,MH,Maharashtra,Solapur,Solapur,Western Maharashtra
MH-14,MH14,MH,Maharashtra,Pimpri-Chinchwad,Pune,Western Maharashtra
MH-15,MH15,MH,Maharashtra,Nashik,Nashik,North Maharashtra
MH-17,MH17,MH,Maharashtra,Shrirampur,Ahmednagar,North Maharashtra
MH-20,MH20,MH,Maharashtra,Chhatrapati Sambhajinagar (Aurangabad),Chhatrapati Sambhajinagar,Marathwada
MH-31,MH31,MH,Maharashtra,Nagpur West,Nagpur,Vidarbha
MH-43,MH43,MH,Maharashtra,Navi Mumbai (Vashi),Thane,Mumbai Metropolitan Region
MH-47,MH47,MH,Maharashtra,Mumbai North (Borivali),Mumbai Suburban,Mumbai
MH-48,MH48,MH,Maharashtra,Vasai-Virar,Palghar,Konkan
DL-01,DL01,DL,Delhi,Delhi North (Mall Road),North Delhi,Delhi NCR
DL-02,DL02,DL,Delhi,Delhi New Delhi (Tilak Marg),New Delhi,Delhi NCR
DL-03,DL03,DL,Delhi,Delhi South (Sheikh Sarai),South Delhi,Delhi NCR
DL-04,DL04,DL,Delhi,Delhi West (Janakpuri),West Delhi,Delhi NCR
DL-08,DL08,DL,Delhi,Delhi North West (Wazirpur),North West Delhi,Delhi NCR
KA-01,KA01,KA,Karnataka,Bangalore Central (Koramangala),Bangalore Urban,Karnataka
KA-02,KA02,KA,Karnataka,Bangalore West (Rajajinagar),Bangalore Urban,Karnataka
KA-03,KA03,KA,Karnataka,Bangalore East (Indiranagar),Bangalore Urban,Karnataka
KA-04,KA04,KA,Karnataka,Bangalore North (Yeshwanthpur),Bangalore Urban,Karnataka
KA-05,KA05,KA,Karnataka,Bangalore South (Jayanagar),Bangalore Urban,Karnataka
KA-19,KA19,KA,Karnataka,Mangalore,Dakshina Kannada,Coastal Karnataka
TN-01,TN01,TN,Tamil Nadu,Chennai Central (Ayanavaram),Chennai,Chennai Metropolitan
TN-02,TN02,TN,Tamil Nadu,Chennai North West (Anna Nagar),Chennai,Chennai Metropolitan
TN-09,TN09,TN,Tamil Nadu,Chennai West (K.K. Nagar),Chennai,Chennai Metropolitan
GJ-01,GJ01,GJ,Gujarat,Ahmedabad West (Subhash Bridge),Ahmedabad,Central Gujarat
GJ-05,GJ05,GJ,Gujarat,Surat,Surat,South Gujarat
GJ-06,GJ06,GJ,Gujarat,Vadodara,Vadodara,Central Gujarat
UP-14,UP14,UP,Uttar Pradesh,Ghaziabad,Ghaziabad,Western UP
UP-16,UP16,UP,Uttar Pradesh,Gautam Buddha Nagar (Noida),Gautam Buddha Nagar,Western UP
UP-32,UP32,UP,Uttar Pradesh,Lucknow (Transport Nagar),Lucknow,Central UP
UP-78,UP78,UP,Uttar Pradesh,Kanpur Nagar,Kanpur,Central UP
RJ-14,RJ14,RJ,Rajasthan,Jaipur South,Jaipur,Jaipur Region
WB-01,WB01,WB,West Bengal,Kolkata (Beltala - Two Wheeler),Kolkata,Kolkata
WB-02,WB02,WB,West Bengal,Kolkata (Beltala - Four Wheeler),Kolkata,Kolkata
TS-07,TS07,TS,Telangana,Ranga Reddy (Attapur),Ranga Reddy,Hyderabad Region
TS-09,TS09,TS,Telangana,Hyderabad Central (Khairatabad),Hyderabad,Hyderabad Region
AP-39,AP39,AP,Andhra Pradesh,Visakhapatnam,Visakhapatnam,Coastal Andhra
HR-26,HR26,HR,Haryana,Gurgaon (North),Gurugram,Haryana NCR
